Fold,Number_of_Rules,Average_Confidence,Average_Lift,Average_Rule_Accuracy
1,1032,0.6158320691332386,1.2622748645893893,0.4703182941955643
2,1031,0.6112705201847003,1.2228693475114354,0.5068555170437145
3,1055,0.6128937697203063,1.2621257410278048,0.5014002804154913
4,985,0.5969595086355556,1.2670406303749542,0.581030523163039
5,1008,0.6007094039070106,1.3011332978876518,0.5614895350862751
