precision,recall,f1-score,support
0.75,0.75,0.75,8.0
0.9375,0.9375,0.9375,32.0
0.9,0.9,0.9,0.9
0.84375,0.84375,0.84375,40.0
0.9,0.9,0.9,40.0
