precision,recall,f1-score,support
0.8571428571428571,0.75,0.8,8.0
0.9393939393939394,0.96875,0.9538461538461539,32.0
0.925,0.925,0.925,0.925
0.8982683982683983,0.859375,0.8769230769230769,40.0
0.922943722943723,0.925,0.9230769230769231,40.0
